1999	1999-04-11
2000	2000-04-30
2001	2001-04-15
2002	2002-05-05
2003	2003-04-27
2004	2004-04-11
2005	2005-05-01
2006	2006-04-23
2007	2007-04-08
2008	2008-04-27
2009	2009-04-19
2010	2010-04-04
2011	2011-04-24
2012	2012-04-15
2013	2013-05-05
2014	2014-04-20
2015	2015-04-12
2016	2016-05-01
2017	2017-04-16
2018	2018-04-08
2019	2019-04-28
2020	2020-04-19
2021	2021-05-02
2022	2022-04-24
2023	2023-04-16
2024	2024-05-05
2025	2025-04-20
2026	2026-04-12
2027	2027-05-02
2028	2028-04-16
2029	2029-04-08
2030	2030-04-28
2031	2031-04-13
2032	2032-05-02
2033	2033-04-24
2034	2034-04-09
2035	2035-04-29
2036	2036-04-20
2037	2037-04-05
2038	2038-04-25
2039	2039-04-17
2040	2040-05-06
2041	2041-04-21
2042	2042-04-13
2043	2043-05-03
2044	2044-04-24
2045	2045-04-09
2046	2046-04-29
2047	2047-04-21
2048	2048-04-05
2049	2049-04-25
2050	2050-04-17
2051	2051-05-07
2052	2052-04-21
2053	2053-04-13
2054	2054-05-03
2055	2055-04-18
2056	2056-04-09
2057	2057-04-29
2058	2058-04-14
2059	2059-05-04
2060	2060-04-25
2061	2061-04-10
2062	2062-04-30
2063	2063-04-22
2064	2064-04-13
2065	2065-04-26
2066	2066-04-18
2067	2067-04-10
2068	2068-04-29
2069	2069-04-14
2070	2070-05-04
2071	2071-04-19
2072	2072-04-10
2073	2073-04-30
2074	2074-04-22
2075	2075-04-07
2076	2076-04-26
2077	2077-04-18
2078	2078-05-08
2079	2079-04-23
2080	2080-04-14
2081	2081-05-04
2082	2082-04-19
2083	2083-04-11
2084	2084-04-30
2085	2085-04-15
2086	2086-04-07
2087	2087-04-27
2088	2088-04-18
2089	2089-05-01
2090	2090-04-23
2091	2091-04-08
2092	2092-04-27
2093	2093-04-19
2094	2094-04-11
2095	2095-04-24
2096	2096-04-15
2097	2097-05-05
2098	2098-04-27
2099	2099-04-12
2100	2100-05-01